{
    "identityPoolName": "cognitoaf48777c_identitypool_af48777c",
    "allowUnauthenticatedIdentities": false,
    "thirdPartyAuth": false,
    "lambdaLogPolicy": "cognitoaf48777c_lambda_log_policy",
    "openIdLambdaRoleName": "cognitoaf48777c_openid_lambda_role",
    "openIdRolePolicy": "cognitoaf48777c_openid_pass_role_policy",
    "openIdLambdaIAMPolicy": "cognitoaf48777c_openid_lambda_iam_policy",
    "openIdLogPolicy": "cognitoaf48777c_openid_lambda_log_policy",
    "userPoolName": "cognitoaf48777c_userpool_af48777c",
    "autoVerifiedAttributes": [
        "email"
    ],
    "mfaConfiguration": "OFF",
    "mfaTypes": [
        "SMS Text Message"
    ],
    "roleName": "cognitoaf48777c_sns-role",
    "roleExternalId": "cognitoaf48777c_role_external_id",
    "policyName": "cognitoaf48777c-sns-policy",
    "smsAuthenticationMessage": "Your authentication code is {####}",
    "smsVerificationMessage": "Your verification code is {####}",
    "emailVerificationSubject": "Your verification code",
    "emailVerificationMessage": "Your verification code is {####}",
    "defaultPasswordPolicy": false,
    "passwordPolicyMinLength": 8,
    "passwordPolicyCharacters": [
        "Requires Lowercase",
        "Requires Uppercase",
        "Requires Numbers",
        "Requires Symbols"
    ],
    "requiredAttributes": [
        "email"
    ],
    "userpoolClientName": "cognitoaf48777c_app_client",
    "userpoolClientGenerateSecret": true,
    "userpoolClientRefreshTokenValidity": 30,
    "userpoolClientReadAttributes": [
        "email"
    ],
    "mfaLambdaRole": "cognitoaf48777c_totp_lambda_role",
    "mfaLambdaLogPolicy": "cognitoaf48777c_totp_lambda_log_policy",
    "mfaPassRolePolicy": "cognitoaf48777c_totp_pass_role_policy",
    "mfaLambdaIAMPolicy": "cognitoaf48777c_totp_lambda_iam_policy",
    "userpoolClientLambdaRole": "cognitoaf48777c_userpoolclient_lambda_role",
    "userpoolClientLogPolicy": "cognitoaf48777c_userpoolclient_lambda_log_policy",
    "userpoolClientLambdaPolicy": "cognitoaf48777c_userpoolclient_lambda_iam_policy",
    "userpoolClientSetAttributes": false,
    "useDefault": "default",
    "resourceName": "cognitoaf48777c",
    "authSelections": "identityPoolAndUserPool",
    "authRoleName": {
        "Ref": "AuthRoleName"
    },
    "unauthRoleName": {
        "Ref": "UnauthRoleName"
    },
    "authRoleArn": {
        "Fn::GetAtt": [
            "AuthRole",
            "Arn"
        ]
    },
    "unauthRoleArn": {
        "Fn::GetAtt": [
            "UnauthRole",
            "Arn"
        ]
    }
}