{
	"providers": {
		"awscloudformation": {
			"AuthRoleName": "nb-client-4-20190325151647-authRole",
			"UnauthRoleArn": "arn:aws:iam::075146461562:role/nb-client-4-20190325151647-unauthRole",
			"AuthRoleArn": "arn:aws:iam::075146461562:role/nb-client-4-20190325151647-authRole",
			"Region": "us-west-2",
			"DeploymentBucketName": "nb-client-4-20190325151647-deployment",
			"UnauthRoleName": "nb-client-4-20190325151647-unauthRole",
			"StackName": "nb-client-4-20190325151647",
			"StackId": "arn:aws:cloudformation:us-west-2:075146461562:stack/nb-client-4-20190325151647/4cb53d20-4f43-11e9-a682-0699096663d0"
		}
	},
	"auth": {
		"cognitoaf48777c": {
			"service": "Cognito",
			"providerPlugin": "awscloudformation",
			"providerMetadata": {
				"s3TemplateURL": "https://s3.amazonaws.com/nb-client-4-20190325151647-deployment/amplify-cfn-templates/auth/cognitoaf48777c-cloudformation-template.yml",
				"logicalId": "authcognitoaf48777c"
			},
			"lastPushTimeStamp": "2019-03-25T22:05:32.899Z",
			"output": {
				"AppClientSecret": "1drh5evc9md30tfh5lar3fcva9qp22fqoe5rqu84c2r9morj2q92",
				"UserPoolId": "us-west-2_a7jXDud1v",
				"AppClientIDWeb": "ie27rnhg1utbq5i368586jcf7",
				"AppClientID": "58ko7ahjgh4ro6mj0a18te6oo5",
				"IdentityPoolId": "us-west-2:c94c4be8-fe16-4d16-a160-eca66922c048",
				"IdentityPoolName": "cognitoaf48777c_identitypool_af48777c__local",
				"UserPoolName": "cognitoaf48777c_userpool_af48777c"
			},
			"lastPushDirHash": "lLNS/MAe/JZbQe1GQ8hV2chnjEo="
		}
	},
	"hosting": {
		"S3AndCloudFront": {
			"service": "S3AndCloudFront",
			"providerPlugin": "awscloudformation",
			"providerMetadata": {
				"s3TemplateURL": "https://s3.amazonaws.com/nb-client-4-20190325151647-deployment/amplify-cfn-templates/hosting/template.json",
				"logicalId": "hostingS3AndCloudFront"
			},
			"lastPushTimeStamp": "2019-03-25T22:05:32.900Z",
			"output": {
				"CloudFrontSecureURL": "https://d10qv3ezwapqh.cloudfront.net",
				"S3BucketSecureURL": "https://nb-client-4-20190325151852-hostingbucket-local.s3.amazonaws.com",
				"WebsiteURL": "http://nb-client-4-20190325151852-hostingbucket-local.s3-website-us-west-2.amazonaws.com",
				"CloudFrontDistributionID": "E2MHYUNH8X8DGC",
				"Region": "us-west-2",
				"HostingBucketName": "nb-client-4-20190325151852-hostingbucket-local",
				"CloudFrontDomainName": "d10qv3ezwapqh.cloudfront.net"
			},
			"lastPushDirHash": "an+nu53Gzueu5d2FSA1Bjh7x8GE="
		}
	},
	"storage": {
		"dynamo9b5d315a": {
			"service": "DynamoDB",
			"providerPlugin": "awscloudformation",
			"providerMetadata": {
				"s3TemplateURL": "https://s3.amazonaws.com/nb-client-4-20190325151647-deployment/amplify-cfn-templates/storage/dynamo9b5d315a-cloudformation-template.json",
				"logicalId": "storagedynamo9b5d315a"
			},
			"lastPushTimeStamp": "2019-03-25T22:05:32.904Z",
			"output": {
				"PartitionKeyName": "username",
				"SortKeyName": "id",
				"SortKeyType": "S",
				"Region": "us-west-2",
				"Arn": "arn:aws:dynamodb:us-west-2:075146461562:table/dynamo9b5d315a-local",
				"PartitionKeyType": "S",
				"Name": "dynamo9b5d315a-local"
			},
			"lastPushDirHash": "fdLvpsZ6dGVmcZ3yDiCXUEf3a9c="
		}
	},
	"function": {
		"nbclient47dee3399": {
			"service": "Lambda",
			"providerPlugin": "awscloudformation",
			"build": true,
			"dependsOn": [
				{
					"category": "storage",
					"resourceName": "dynamo9b5d315a",
					"attributes": [
						"Name",
						"Arn"
					]
				}
			],
			"lastBuildTimeStamp": "2019-03-25T21:25:00.911Z",
			"lastPackageTimeStamp": "2019-03-25T22:04:18.351Z",
			"distZipFilename": "nbclient47dee3399-1553551453-latest-build.zip",
			"providerMetadata": {
				"s3TemplateURL": "https://s3.amazonaws.com/nb-client-4-20190325151647-deployment/amplify-cfn-templates/function/nbclient47dee3399-cloudformation-template.json",
				"logicalId": "functionnbclient47dee3399"
			},
			"lastPushTimeStamp": "2019-03-25T22:05:32.915Z",
			"output": {
				"Region": "us-west-2",
				"Arn": "arn:aws:lambda:us-west-2:075146461562:function:nbclient47dee3399-local",
				"Name": "nbclient47dee3399-local"
			},
			"lastPushDirHash": "pyYRLFyxUSlm+f3OXF2n+JlK17E="
		}
	},
	"api": {
		"api04c14c6b": {
			"service": "API Gateway",
			"providerPlugin": "awscloudformation",
			"dependsOn": [
				{
					"category": "function",
					"resourceName": "nbclient47dee3399",
					"attributes": [
						"Name",
						"Arn"
					]
				}
			],
			"providerMetadata": {
				"s3TemplateURL": "https://s3.amazonaws.com/nb-client-4-20190325151647-deployment/amplify-cfn-templates/api/api04c14c6b-cloudformation-template.json",
				"logicalId": "apiapi04c14c6b"
			},
			"lastPushTimeStamp": "2019-03-25T22:05:32.909Z",
			"output": {
				"ApiName": "api04c14c6b",
				"RootUrl": "https://bv15biw9hb.execute-api.us-west-2.amazonaws.com/local"
			},
			"lastPushDirHash": "aFDXM/NS31m2lGg7fsSjqS68lDY="
		}
	}
}