{
	"auth": {
		"cognitoaf48777c": {
			"service": "Cognito",
			"providerPlugin": "awscloudformation"
		}
	},
	"hosting": {
		"S3AndCloudFront": {
			"service": "S3AndCloudFront",
			"providerPlugin": "awscloudformation"
		}
	},
	"storage": {
		"dynamo9b5d315a": {
			"service": "DynamoDB",
			"providerPlugin": "awscloudformation"
		}
	},
	"function": {
		"nbclient47dee3399": {
			"service": "Lambda",
			"providerPlugin": "awscloudformation",
			"build": true,
			"dependsOn": [
				{
					"category": "storage",
					"resourceName": "dynamo9b5d315a",
					"attributes": [
						"Name",
						"Arn"
					]
				}
			]
		}
	},
	"api": {
		"api04c14c6b": {
			"service": "API Gateway",
			"providerPlugin": "awscloudformation",
			"dependsOn": [
				{
					"category": "function",
					"resourceName": "nbclient47dee3399",
					"attributes": [
						"Name",
						"Arn"
					]
				}
			]
		}
	}
}